City_ID,City,Country,Lat,Lng,Max Temp,Humidity,Cloudiness,Wind Speed,Current Description
0,Springdale,US,36.1867,-94.1288,39.0,52,1,6.91,clear sky
1,Mbandaka,CD,0.0487,18.2603,70.99,91,88,4.52,overcast clouds
2,Yellowknife,CA,62.456,-114.3525,5.0,85,75,3.44,broken clouds
3,Urengoy,RU,65.9667,78.3667,-2.56,92,100,4.76,overcast clouds
4,Kamenka,RU,51.3223,42.7678,8.01,95,21,5.66,few clouds
5,Dobele,LV,56.625,23.2786,17.6,73,90,12.66,light snow
6,Suraabad,AZ,40.8192,49.4687,42.8,93,75,4.61,broken clouds
7,Khatanga,RU,71.9667,102.5,-51.92,76,49,1.79,scattered clouds
8,Rikitea,PF,-23.1203,-134.9692,78.42,72,13,10.11,few clouds
9,Norman Wells,CA,65.282,-126.8329,-7.6,84,20,5.75,few clouds
10,Bluff,NZ,-46.6,168.3333,73.0,63,8,8.01,clear sky
11,Mahebourg,MU,-20.4081,57.7,77.0,94,75,2.3,broken clouds
12,Albany,US,42.6001,-73.9662,35.01,73,100,0.98,overcast clouds
13,Airai,TL,-8.9266,125.4092,73.62,85,70,2.01,moderate rain
14,Atuona,PF,-9.8,-139.0333,77.68,74,0,11.36,clear sky
15,San Jose,US,37.3394,-121.895,63.0,59,40,6.91,scattered clouds
16,Maltahohe,NA,-24.8333,16.9833,67.03,74,100,6.71,light rain
17,Kruisfontein,ZA,-34.0033,24.7314,72.0,90,32,1.01,scattered clouds
18,Upernavik,GL,72.7868,-56.1549,18.41,96,100,4.25,light snow
19,Bredasdorp,ZA,-34.5322,20.0403,64.4,94,28,9.22,scattered clouds
20,Kahului,US,20.8947,-156.47,84.2,48,40,4.61,scattered clouds
21,Laguna,US,38.421,-121.4238,53.01,87,1,1.16,mist
22,Isangel,VU,-19.55,169.2667,79.3,86,100,12.84,moderate rain
23,Ambilobe,MG,-13.2,49.05,75.11,94,89,1.41,moderate rain
24,Tuktoyaktuk,CA,69.4541,-133.0374,-9.4,77,90,10.36,overcast clouds
25,Karratha,AU,-20.7377,116.8463,102.22,26,0,9.31,clear sky
26,Mar Del Plata,AR,-38.0023,-57.5575,69.01,68,0,16.11,clear sky
27,Zeerust,ZA,-25.5369,26.0751,69.71,75,82,8.5,broken clouds
28,Rio Grande,BR,-32.035,-52.0986,71.01,72,4,3.0,clear sky
29,Yumen,CN,40.2833,97.2,17.51,88,43,11.77,scattered clouds
30,Dukat,RU,62.55,155.55,-37.88,79,83,3.85,broken clouds
31,Santa Isabel Do Rio Negro,BR,-0.4139,-65.0192,74.88,92,100,1.3,overcast clouds
32,Baghdad,IQ,33.3406,44.4009,51.8,76,94,9.22,overcast clouds
33,Vestmannaeyjar,IS,63.4427,-20.2734,44.02,74,99,19.22,overcast clouds
34,Hilo,US,19.7297,-155.09,82.4,57,1,9.22,clear sky
35,Arraial Do Cabo,BR,-22.9661,-42.0278,75.61,90,25,15.64,scattered clouds
36,Bengkulu,ID,-3.8004,102.2655,82.63,67,68,2.59,broken clouds
37,Hermanus,ZA,-34.4187,19.2345,63.0,92,0,1.99,clear sky
38,Ketchikan,US,55.3422,-131.6461,42.8,100,90,17.27,moderate rain
39,Ushuaia,AR,-54.8,-68.3,46.4,71,75,12.66,broken clouds
40,Havoysund,NO,70.9963,24.6622,35.6,87,90,11.5,overcast clouds
41,Avarua,CK,-21.2078,-159.775,84.2,70,75,13.8,broken clouds
42,Waddan,LY,29.1614,16.139,47.64,63,0,2.75,clear sky
43,Severo-Kurilsk,RU,50.6789,156.125,26.11,93,100,18.66,light snow
44,Castro,BR,-24.7911,-50.0119,62.58,93,41,9.82,scattered clouds
45,Kaeo,NZ,-35.1,173.7833,75.31,51,16,8.23,few clouds
46,Mataura,NZ,-46.1927,168.8643,73.0,63,2,8.01,clear sky
47,Ribeira Grande,PT,38.5167,-28.7,63.16,85,100,31.45,overcast clouds
48,Dolores,AR,-36.3132,-57.6792,66.31,59,0,13.58,clear sky
49,Ponta Do Sol,PT,32.6667,-17.1,52.0,65,19,3.0,few clouds
50,Butaritari,KI,3.0707,172.7902,81.36,76,68,19.28,broken clouds
51,Nanortalik,GL,60.1432,-45.2371,21.67,91,22,4.47,few clouds
52,San Fernando,PH,15.0286,120.6898,78.8,73,75,4.61,broken clouds
53,Carnarvon,AU,-24.8667,113.6333,82.4,78,65,14.97,broken clouds
54,Bathsheba,BB,13.2167,-59.5167,78.8,78,20,18.41,few clouds
55,Nikolskoye,RU,59.7035,30.7861,8.01,85,75,6.71,light snow
56,Meulaboh,ID,4.1363,96.1285,79.0,76,98,3.89,moderate rain
57,Longyearbyen,SJ,78.2186,15.6401,24.8,86,75,5.75,light snow
58,Punta Arenas,CL,-53.15,-70.9167,53.6,76,90,11.5,overcast clouds
59,Camana,PE,-16.6228,-72.7111,70.18,77,99,5.17,overcast clouds
60,Kaitangata,NZ,-46.2817,169.8464,66.0,75,34,7.0,scattered clouds
61,Marshall,US,34.3834,-86.3333,46.0,61,75,4.61,broken clouds
62,Cape Town,ZA,-33.9258,18.4232,71.01,83,75,16.11,broken clouds
63,Tasiilaq,GL,65.6145,-37.6368,33.8,86,90,3.44,overcast clouds
64,Santiago De Cuba,CU,20.0247,-75.8219,75.2,83,20,5.75,few clouds
65,Codrington,AU,-38.2667,141.9667,59.94,57,42,27.31,light rain
66,Busselton,AU,-33.65,115.3333,70.0,59,0,4.0,clear sky
67,Noumea,NC,-22.2763,166.4572,87.8,66,75,5.75,broken clouds
68,Camacupa,AO,-12.0167,17.4833,60.76,82,100,2.37,overcast clouds
69,Hobart,AU,-42.8794,147.3294,57.0,76,75,3.44,light rain
70,Grand Gaube,MU,-20.0064,57.6608,77.0,85,1,10.11,clear sky
71,Santiago Del Estero,AR,-27.7951,-64.2615,82.0,72,80,5.01,broken clouds
72,Olafsvik,IS,64.8945,-23.7142,40.33,72,34,21.32,scattered clouds
73,La Ronge,CA,55.1001,-105.2842,21.2,79,84,9.22,broken clouds
74,Sioux Lookout,CA,50.1001,-91.917,32.0,86,90,5.82,overcast clouds
75,Ust-Omchug,RU,61.15,149.6333,-29.24,80,28,1.01,scattered clouds
76,Port Alfred,ZA,-33.5906,26.891,73.47,91,91,12.5,overcast clouds
77,Torbay,CA,47.6666,-52.7314,33.01,93,90,10.36,light snow
78,Lobito,AO,-12.3481,13.5456,73.2,76,96,3.6,overcast clouds
79,Thabazimbi,ZA,-24.5917,27.4116,68.0,85,10,6.06,clear sky
80,Sharan,RU,54.8167,54.0,13.01,96,100,11.65,snow
81,Shimoda,JP,34.6667,138.95,50.0,76,75,16.11,broken clouds
82,Gamba,GA,-2.65,10.0,74.05,90,87,3.89,light rain
83,Yerbogachen,RU,61.2767,108.0108,-31.52,80,100,7.25,overcast clouds
84,Namatanai,PG,-3.6667,152.4333,86.2,63,100,4.21,overcast clouds
85,Kailua,US,21.4022,-157.7394,80.6,69,40,6.91,scattered clouds
86,Kapaa,US,22.0752,-159.319,79.0,73,1,8.05,clear sky
87,San Patricio,US,28.017,-97.5169,64.4,39,1,11.5,clear sky
88,Port Elizabeth,ZA,-33.918,25.5701,66.2,100,90,4.61,mist
89,Nome,US,64.5011,-165.4064,19.4,79,90,10.36,overcast clouds
90,Liaocheng,CN,36.4439,115.9647,39.47,62,100,12.82,overcast clouds
91,Saskylakh,RU,71.9167,114.0833,-45.02,78,45,2.64,scattered clouds
92,Dingle,PH,10.9995,122.6711,82.6,79,21,8.72,few clouds
93,Behbahan,IR,30.5959,50.2417,53.6,71,0,2.3,clear sky
94,Saint-Joseph,RE,-21.3667,55.6167,77.0,73,0,3.44,clear sky
95,Cartagena,CO,10.3997,-75.5144,78.8,89,40,5.75,scattered clouds
96,Hoquiam,US,46.9809,-123.8893,51.01,62,90,9.22,overcast clouds
97,Sola,VU,-13.8833,167.55,83.64,74,24,7.96,light rain
98,Riohacha,CO,11.5444,-72.9072,77.31,72,87,11.74,overcast clouds
99,Pecos,US,31.4229,-103.4932,46.4,46,1,3.44,clear sky
100,New Norfolk,AU,-42.7826,147.0587,57.0,76,75,3.44,light rain
101,Hofn,IS,64.2539,-15.2082,37.4,78,1,5.41,clear sky
102,Pacific Grove,US,36.6177,-121.9166,61.0,72,1,9.06,clear sky
103,Fortuna,US,40.5982,-124.1573,54.0,100,90,4.61,overcast clouds
104,Solnechnyy,RU,50.7214,136.6319,-3.57,86,46,4.34,scattered clouds
105,Takoradi,GH,4.8845,-1.7554,78.22,88,39,5.64,scattered clouds
106,Kodiak,US,57.79,-152.4072,37.4,93,90,19.57,moderate rain
107,College,US,64.8569,-147.8028,8.01,77,40,4.61,scattered clouds
108,Bandundu,CD,-3.3167,17.3667,71.64,91,100,2.3,overcast clouds
109,Mumbwa,ZM,-14.9783,27.0619,65.46,93,100,6.87,overcast clouds
110,Saint-Philippe,RE,-21.3585,55.7679,77.0,73,0,3.44,clear sky
111,Fairbanks,US,64.8378,-147.7164,8.01,84,75,2.3,broken clouds
112,Ambon,ID,-3.6954,128.1814,91.4,58,40,6.91,scattered clouds
113,Arlit,NE,18.7369,7.3853,66.54,25,1,7.56,clear sky
114,Ust-Tsilma,RU,65.441,52.1498,-10.41,89,96,4.43,overcast clouds
115,Bartica,GY,6.4,-58.6167,75.2,88,0,4.61,clear sky
116,Buarcos,PT,40.166,-8.8768,50.0,87,90,6.69,overcast clouds
117,Zaria,NG,11.1113,7.7227,62.87,26,0,7.56,clear sky
118,Luderitz,NA,-26.6481,15.1594,63.77,87,87,4.21,light rain
119,Bafata,GW,12.1667,-14.75,64.69,69,0,3.18,clear sky
120,Iqaluit,CA,63.7506,-68.5145,-16.01,76,20,2.3,few clouds
121,Provideniya,RU,64.3833,-173.3,10.4,79,90,11.18,overcast clouds
122,Rawson,AR,-43.3002,-65.1023,68.45,68,98,9.84,moderate rain
123,Klyuchi,RU,52.2667,79.1667,-20.72,87,0,5.79,clear sky
124,Denpasar,ID,-8.65,115.2167,82.4,89,75,10.36,broken clouds
125,Svetlyy,RU,54.675,20.1347,23.0,80,75,6.71,light snow
126,Puerto Ayora,EC,-0.7393,-90.3518,75.0,94,53,5.01,broken clouds
127,Mount Gambier,AU,-37.8333,140.7667,55.4,76,75,26.46,broken clouds
128,Paamiut,GL,61.994,-49.6678,23.27,87,96,10.6,overcast clouds
129,Anderson,US,34.5334,-82.6499,44.6,57,1,3.44,clear sky
130,Spornoye,RU,50.8448,37.2913,24.8,93,90,4.47,mist
131,Jamestown,US,42.097,-79.2353,32.0,93,1,5.75,clear sky
132,Peniche,PT,39.3558,-9.3811,53.01,81,44,8.99,scattered clouds
133,Saravan,AM,39.7196,45.6483,44.6,57,40,6.91,scattered clouds
134,Pinheiro Machado,BR,-31.5783,-53.3811,64.0,92,1,25.01,clear sky
135,Samarai,PG,-10.6167,150.6667,81.95,82,90,11.52,overcast clouds
136,Avera,US,33.194,-82.5271,46.4,66,1,6.91,clear sky
137,Bongandanga,CD,1.5,21.05,72.39,84,94,3.42,overcast clouds
138,Barrow,US,71.2906,-156.7887,-11.2,77,1,13.8,clear sky
139,Anadyr,RU,64.75,177.4833,-20.0,83,0,8.95,clear sky
140,Tiksi,RU,71.6872,128.8694,-26.77,85,100,3.22,overcast clouds
141,Maua,BR,-23.6678,-46.4614,70.0,83,75,5.75,broken clouds
142,Bandrele,YT,-12.9067,45.1914,77.0,88,0,3.44,clear sky
143,Aklavik,CA,68.2191,-135.0107,-2.2,78,89,1.79,overcast clouds
144,Kyzyl-Suu,KG,42.3414,78.0056,28.0,81,0,7.36,clear sky
145,Ofaqim,IL,31.3141,34.6203,51.01,100,1,3.0,light rain
146,Sambava,MG,-14.2667,50.1667,75.78,95,14,4.72,few clouds
147,Kolokani,ML,13.5728,-8.0339,67.75,22,3,10.42,clear sky
148,Tonj,SS,7.2737,28.6822,69.03,24,36,6.24,scattered clouds
149,San Jeronimito,MX,17.55,-101.3333,82.4,65,75,3.87,broken clouds
150,Sao Filipe,CV,14.8961,-24.4956,72.93,67,100,11.7,overcast clouds
151,Yulara,AU,-25.2406,130.9889,89.6,23,75,13.8,light rain
152,Tabou,CI,4.423,-7.3528,78.24,85,0,6.51,clear sky
153,Xining,CN,36.6167,101.7667,26.8,71,75,2.71,broken clouds
154,Chokurdakh,RU,70.6333,147.9167,-10.08,91,100,8.57,overcast clouds
155,Poum,NC,-20.2333,164.0167,79.27,87,100,11.83,light rain
156,Thompson,CA,55.7435,-97.8558,15.8,86,90,17.27,snow
157,Sibiti,CG,-3.6819,13.3499,65.77,100,100,1.66,overcast clouds
158,Saint George,US,37.1041,-113.5841,55.4,15,1,12.66,clear sky
159,Port Blair,IN,11.6667,92.75,79.54,72,81,11.61,broken clouds
160,Souillac,MU,-20.5167,57.5167,77.0,94,75,2.3,broken clouds
161,Qasigiannguit,GL,68.8193,-51.1922,17.6,93,90,5.75,light snow
162,Semnan,IR,35.5729,53.3971,39.92,58,90,1.16,overcast clouds
163,Nouadhibou,MR,20.931,-17.0347,62.6,39,0,23.02,clear sky
164,Vaini,TO,-21.2,-175.2,87.8,70,40,11.5,scattered clouds
165,Moju,BR,-1.8839,-48.7689,77.0,88,0,3.44,clear sky
166,Sisimiut,GL,66.9395,-53.6735,10.49,91,100,5.3,overcast clouds
167,Adamas,GR,36.7333,24.4333,57.2,62,32,11.5,scattered clouds
168,Mahibadhoo,MV,3.7833,72.9667,80.83,76,45,11.25,scattered clouds
169,Ostrovnoy,RU,68.0531,39.5131,3.25,94,100,18.25,overcast clouds
170,Pauini,BR,-7.7136,-66.9764,73.13,98,100,1.03,moderate rain
171,Gorontalo,ID,0.5412,123.0595,88.52,60,100,2.13,overcast clouds
172,East London,ZA,-33.0153,27.9116,75.02,90,99,11.14,overcast clouds
173,Faya,SA,18.3851,42.4509,44.6,87,0,2.91,clear sky
174,Lavrentiya,RU,65.5833,-171.0,3.24,90,91,6.4,overcast clouds
175,Salalah,OM,17.0151,54.0924,75.2,12,0,10.36,clear sky
176,Araouane,ML,18.9048,-3.5265,63.0,25,1,14.76,clear sky
177,Cherskiy,RU,68.75,161.3,-21.17,84,100,3.78,overcast clouds
178,Aswan,EG,24.0934,32.907,51.51,55,0,8.77,clear sky
179,Puerto Del Rosario,ES,28.5004,-13.8627,62.6,63,90,18.41,overcast clouds
180,Severinia,BR,-20.8094,-48.8028,75.2,69,40,6.91,scattered clouds
181,Trelew,AR,-43.249,-65.3051,74.88,47,98,14.43,light rain
182,Russell,US,32.3502,-85.1999,48.2,87,1,6.62,clear sky
183,Sao Felix Do Xingu,BR,-6.6447,-51.995,72.59,96,100,2.01,light rain
184,Lagoa,PT,39.05,-27.9833,62.17,86,100,29.93,overcast clouds
185,Broome,US,42.2506,-75.833,34.0,93,90,1.41,mist
186,Paita,PE,-5.0892,-81.1144,71.69,81,74,14.07,broken clouds
187,Humaita,BR,-7.5061,-63.0208,72.28,98,100,0.4,overcast clouds
188,Victoria,HK,22.2855,114.1577,66.0,52,0,8.14,clear sky
189,Yankton,US,42.8711,-97.3973,35.6,55,90,46.04,overcast clouds
190,Clyde River,CA,70.4692,-68.5914,-9.4,84,90,5.75,overcast clouds
191,Pevek,RU,69.7008,170.3133,-17.0,89,60,3.96,broken clouds
192,Abha,SA,18.2164,42.5053,44.6,87,0,3.6,clear sky
193,Rognan,NO,67.0953,15.3878,30.0,87,99,4.74,light snow
194,Skovorodino,RU,53.9833,123.9167,-20.58,80,0,1.3,clear sky
195,Hanzhong,CN,33.0728,107.0303,43.92,56,0,0.92,clear sky
196,Boyuibe,BO,-20.4167,-63.2833,69.75,84,30,2.1,scattered clouds
197,Ulladulla,AU,-35.35,150.4667,79.0,57,20,13.8,few clouds
198,Rovaniemi,FI,66.5,25.7167,-11.2,77,90,5.75,light snow
199,Orhei,MD,47.3831,28.8231,23.0,93,20,4.61,few clouds
200,Tuy Hoa,VN,13.0833,109.3,70.07,77,90,6.8,overcast clouds
201,Katsuura,JP,35.1333,140.3,48.0,70,75,12.66,broken clouds
202,Georgetown,MY,5.4112,100.3354,80.6,78,20,4.61,few clouds
203,Puerto Maldonado,PE,-12.6,-69.1833,75.2,92,100,1.5,light rain
204,Pisco,PE,-13.7,-76.2167,69.8,78,0,12.66,clear sky
205,Oktyabrskiy,RU,54.4815,53.471,14.58,95,100,10.96,snow
206,Wewak,PG,-3.5534,143.6268,80.38,83,100,7.94,moderate rain
207,Wuda,CN,39.4994,106.7117,21.78,70,100,18.63,overcast clouds
208,Homa Bay,KE,-0.5273,34.4571,67.21,73,45,3.27,scattered clouds
209,Margate,GB,51.3813,1.3862,39.99,69,87,4.0,overcast clouds
210,Touros,BR,-5.1989,-35.4608,78.8,83,40,9.22,scattered clouds
211,Bone,DE,51.9669,12.1396,35.01,94,69,5.61,broken clouds
212,Nabire,ID,-3.3667,135.4833,86.74,63,100,4.18,overcast clouds
213,Moose Factory,CA,51.2585,-80.6094,23.0,93,90,6.91,overcast clouds
214,Qaanaaq,GL,77.484,-69.3632,8.8,76,84,3.67,broken clouds
215,Vilyuysk,RU,63.7553,121.6247,-28.53,84,100,8.77,overcast clouds
216,Itarema,BR,-2.9248,-39.9167,78.03,80,37,11.05,scattered clouds
217,Kandrian,PG,-6.2167,149.55,88.25,65,64,10.25,light rain
218,Ambulu,ID,-8.345,113.6058,81.57,79,100,5.73,overcast clouds
219,Bethel,US,41.3712,-73.414,33.01,86,1,3.22,mist
220,Ikot Ekpene,NG,5.1794,7.7108,76.15,86,0,2.95,clear sky
221,Lasa,IT,46.6166,10.7002,35.01,93,90,3.44,mist
222,Natal,BR,-5.795,-35.2094,80.6,78,20,10.36,few clouds
223,Narsaq,GL,60.9167,-46.05,17.6,62,20,9.22,few clouds
224,Pombas,CV,17.1503,-25.0201,69.8,68,75,29.93,broken clouds
225,Safaga,EG,26.7292,33.9365,57.2,41,0,6.91,clear sky
226,Balykshi,KZ,47.0667,51.8667,33.8,64,83,11.18,broken clouds
227,Tezu,IN,27.9167,96.1667,65.1,44,16,0.38,few clouds
228,Lebu,CL,-37.6167,-73.65,54.37,83,0,4.85,clear sky
229,Coquimbo,CL,-29.9533,-71.3436,57.2,88,0,10.36,clear sky
230,Necochea,AR,-38.5473,-58.7368,64.0,67,0,17.47,clear sky
231,Vila Velha,BR,-20.3297,-40.2925,75.2,88,75,4.61,light rain
232,Byron Bay,AU,-28.65,153.6167,87.8,54,0,13.8,clear sky
233,Hare Bay,CA,48.8499,-54.0148,28.4,86,100,2.3,overcast clouds
234,Korla,CN,41.7597,86.1469,17.04,83,0,8.66,clear sky
235,Talnakh,RU,69.4865,88.3972,-41.31,78,19,1.32,few clouds
236,Shizunai,JP,42.3339,142.3669,26.51,86,22,9.69,few clouds
237,Kumluca,TR,36.3703,30.2869,51.75,49,1,2.13,clear sky
238,Usogorsk,RU,63.4106,48.6872,-4.11,91,100,4.32,light snow
239,Nelson Bay,AU,-32.7167,152.15,81.0,73,40,10.36,scattered clouds
240,Sao Joao Da Barra,BR,-21.6403,-41.0511,75.72,89,0,11.21,clear sky
241,Shalakusha,RU,62.2247,40.2539,-11.06,90,100,3.89,overcast clouds
242,Beringovskiy,RU,63.05,179.3167,-16.42,88,31,9.13,scattered clouds
243,Chapais,CA,49.7834,-74.8492,24.8,93,90,2.28,light snow
244,Kupang,ID,-10.1667,123.5833,80.6,89,40,3.44,heavy intensity rain
245,Malindi,KE,-3.2175,40.1191,75.34,86,57,4.16,broken clouds
246,Presidencia Roque Saenz Pena,AR,-26.7852,-60.4388,84.0,72,1,1.99,clear sky
247,Tautira,PF,-17.7333,-149.15,87.8,62,40,3.44,scattered clouds
248,Saint-Francois,FR,46.4154,3.9054,44.6,87,90,12.66,light rain
249,Celestun,MX,20.8667,-90.4,69.58,78,57,10.07,broken clouds
250,Sheboygan,US,43.7333,-87.9334,39.2,81,90,6.91,overcast clouds
251,Kavieng,PG,-2.5744,150.7967,85.71,67,100,7.02,overcast clouds
252,Ukiah,US,39.1502,-123.2078,57.0,71,1,4.61,clear sky
253,Totness,SR,5.8833,-56.3167,77.58,82,83,11.27,broken clouds
254,Cave Spring,US,37.2276,-80.0128,37.99,56,1,1.03,clear sky
255,Esperance,AU,-33.8667,121.9,64.4,63,90,12.66,overcast clouds
256,Praia Da Vitoria,PT,38.7333,-27.0667,62.6,82,75,27.98,broken clouds
257,Praia,CV,14.9215,-23.5087,71.6,68,75,25.32,broken clouds
258,Karauli,IN,26.5,77.0167,48.47,50,0,4.43,clear sky
259,Ilulissat,GL,69.2167,-51.1,17.6,93,90,5.75,light snow
260,Puerto Escondido,MX,15.85,-97.0667,77.0,73,40,3.44,scattered clouds
261,Nanma,CN,36.1817,118.1583,37.8,64,100,14.23,overcast clouds
262,Miacatlan,MX,18.7667,-99.3667,75.2,43,75,5.75,broken clouds
263,Port Hedland,AU,-20.3167,118.5667,93.2,75,0,9.22,clear sky
264,Port Lincoln,AU,-34.7333,135.8667,61.79,51,50,19.62,scattered clouds
265,Dullewala,PK,31.8359,71.4362,48.31,45,0,2.35,clear sky
266,Axim,GH,4.8699,-2.2405,78.57,87,26,6.76,scattered clouds
267,Burnie,AU,-41.0667,145.9167,54.0,67,58,8.99,broken clouds
268,Zalantun,CN,48.0,122.7167,-3.55,82,0,6.11,clear sky
269,Celendin,PE,-6.8703,-78.1517,55.33,86,100,3.22,light rain
270,Kayseri,TR,38.737,35.4968,32.0,86,75,4.61,broken clouds
271,Killarney,IE,52.05,-9.5167,38.46,84,98,3.4,overcast clouds
272,Ust-Kuyga,RU,70.0167,135.6,-27.76,82,100,2.06,overcast clouds
273,Srednekolymsk,RU,67.45,153.6833,-21.5,86,100,14.72,overcast clouds
274,Laurel,US,39.0993,-76.8483,41.0,75,1,2.51,clear sky
275,Skelleftea,SE,64.7507,20.9528,-7.6,84,81,5.75,broken clouds
276,Bonthe,SL,7.5264,-12.505,77.81,90,11,4.92,few clouds
277,Vardo,NO,70.3705,31.1107,33.66,87,100,12.15,overcast clouds
278,Dulce Nombre De Culmi,HN,15.1,-85.5333,73.4,78,75,1.14,broken clouds
279,Cabo San Lucas,MX,22.8909,-109.9124,68.0,48,20,2.91,few clouds
280,Marsabit,KE,2.3284,37.9899,66.16,65,4,7.74,clear sky
281,Balikpapan,ID,-1.2675,116.8289,77.0,94,20,6.91,light rain
282,San Javier,ES,37.8063,-0.8374,50.0,81,97,1.14,overcast clouds
283,Beloha,MG,-25.1667,45.05,74.97,91,93,7.87,overcast clouds
284,Maposeni,TZ,-10.5833,35.4,64.31,97,4,2.42,clear sky
285,Yar-Sale,RU,66.8333,70.8333,-9.58,85,98,5.86,overcast clouds
286,Saint-Pierre,RE,-21.3393,55.4781,77.0,73,0,3.44,clear sky
287,Kawalu,ID,-7.3817,108.2082,79.52,72,100,1.72,heavy intensity rain
288,Campoverde,PE,-8.4753,-74.8058,80.6,78,75,10.36,moderate rain
289,Okhotsk,RU,59.3833,143.3,-15.23,77,69,9.06,broken clouds
290,Hithadhoo,MV,-0.6,73.0833,81.73,78,86,18.07,overcast clouds
291,Vitim,RU,59.4511,112.5578,0.23,90,100,10.96,light snow
292,Peremyshlyany,UA,49.6652,24.5585,21.2,100,75,8.95,light snow
293,Naica,MX,27.85,-105.4833,54.63,34,0,5.03,clear sky
294,Rafai,CF,4.95,23.9167,70.27,37,90,2.55,overcast clouds
295,Port Hardy,CA,50.6996,-127.4199,48.2,76,90,23.02,moderate rain
296,Helong,CN,42.5397,128.9972,18.82,89,100,2.46,light snow
297,Emerald,AU,-23.5333,148.1667,89.6,45,0,5.75,clear sky
298,Ishim,RU,56.1128,69.4902,-13.68,85,100,8.28,overcast clouds
299,Kenai,US,60.5544,-151.2583,33.8,55,90,24.16,overcast clouds
300,Zhigansk,RU,66.7697,123.3711,-42.45,79,9,3.6,clear sky
301,Vila,PT,42.0304,-8.1588,42.01,91,8,4.5,clear sky
302,Pitimbu,BR,-7.4706,-34.8086,78.8,78,20,3.44,few clouds
303,Riyadh,SA,24.6877,46.7219,55.4,33,0,6.53,clear sky
304,Charleston,US,32.7766,-79.9309,46.99,93,1,8.63,clear sky
305,Nagaur,IN,27.2,73.7333,52.9,40,100,2.53,overcast clouds
306,Nayoro,JP,44.3506,142.4578,21.54,91,93,6.69,overcast clouds
307,Bac Lieu,VN,9.285,105.7244,77.38,75,8,13.09,clear sky
308,Banda Aceh,ID,5.5577,95.3222,80.01,79,74,9.15,light rain
309,Cumpas,MX,29.9833,-109.7833,62.51,28,0,5.82,clear sky
310,Challans,FR,46.8436,-1.8749,42.8,87,75,9.22,broken clouds
311,Balsas,BR,-7.5325,-46.0356,74.86,88,100,4.92,light rain
312,Sao Sebastiao,BR,-23.76,-45.4097,75.65,87,39,7.34,scattered clouds
313,Simbahan,PH,6.3032,120.5836,81.77,81,100,10.07,overcast clouds
314,Hamilton,US,39.1834,-84.5333,46.0,65,90,10.36,overcast clouds
315,Hasaki,JP,35.7333,140.8333,42.8,93,75,6.91,light rain
316,Ossora,RU,59.2353,163.0719,-10.62,86,26,4.61,scattered clouds
317,Anchorage,US,61.2181,-149.9003,30.2,68,90,3.44,overcast clouds
318,Chuy,UY,-33.6971,-53.4616,65.34,71,0,11.34,clear sky
319,Udachnyy,RU,66.4167,112.4,-28.3,82,100,12.62,overcast clouds
320,Dikson,RU,73.5069,80.5464,-29.36,79,24,5.86,few clouds
321,Broken Hill,AU,-31.95,141.4333,71.6,35,74,16.11,broken clouds
322,Haverfordwest,GB,51.8017,-4.9691,37.4,93,93,4.61,overcast clouds
323,Neuquen,AR,-38.9516,-68.0591,60.8,59,40,5.3,scattered clouds
324,Ahipara,NZ,-35.1667,173.1667,72.59,58,0,9.35,clear sky
325,Crotone,IT,39.0851,17.1178,46.99,93,90,4.61,fog
326,Hay River,CA,60.8156,-115.7999,-0.4,85,17,2.3,few clouds
327,Saldanha,ZA,-33.0117,17.9442,64.4,88,100,6.91,light rain
328,Hammerfest,NO,70.6634,23.6821,35.6,87,90,11.5,overcast clouds
329,Dongsheng,CN,39.8161,109.9776,10.87,87,89,9.73,overcast clouds
330,Oranjestad,AW,12.524,-70.027,78.8,83,20,13.8,few clouds
331,Alice Springs,AU,-23.7,133.8833,91.4,19,0,18.41,clear sky
332,Matara,LK,5.9485,80.5353,76.78,83,100,4.38,overcast clouds
333,Litovko,RU,49.2361,135.1742,-1.79,80,0,4.07,clear sky
334,Komsomolskiy,UZ,40.4272,71.7189,28.4,80,0,2.3,clear sky
335,Sokoni,TZ,-6.4333,39.55,79.54,81,9,11.25,clear sky
336,Bhatkal,IN,13.9667,74.5667,78.87,61,16,4.79,few clouds
337,Ancud,CL,-41.8697,-73.8203,51.8,100,90,9.22,moderate rain
338,Rio Gallegos,AR,-51.6226,-69.2181,57.2,67,40,6.91,scattered clouds
339,Kachiry,KZ,53.0675,76.1036,-19.16,87,0,7.4,clear sky
340,Leningradskiy,RU,69.3833,178.4167,-4.32,91,98,7.85,overcast clouds
341,Wolmirstedt,DE,52.25,11.6333,35.01,95,87,7.2,overcast clouds
342,Mecca,SA,21.4267,39.8261,71.46,79,0,3.31,clear sky
343,Calvinia,ZA,-31.4707,19.776,61.59,71,0,7.58,clear sky
344,Nichinan,JP,31.6,131.3667,59.0,55,20,5.75,few clouds
345,Bitkine,TD,11.9801,18.2138,63.73,27,0,6.85,clear sky
346,Puerto Ayacucho,VE,5.6639,-67.6236,76.64,71,12,4.79,few clouds
347,Bambous Virieux,MU,-20.3428,57.7575,77.0,94,75,2.3,broken clouds
348,Westerland,DE,54.9079,8.3033,30.99,86,90,10.36,overcast clouds
349,Tingo Maria,PE,-9.2895,-76.0088,70.48,85,100,2.04,moderate rain
350,Lucapa,AO,-8.4192,20.7447,64.69,99,100,0.63,light rain
351,Rosita,NI,13.9268,-84.4032,72.05,89,47,2.42,scattered clouds
352,Craig,US,40.5153,-107.5464,21.2,72,1,5.75,clear sky
353,Xinxiang,CN,35.3089,113.8672,41.29,58,100,4.03,overcast clouds
354,Raahe,FI,64.6833,24.4833,-11.2,77,90,3.44,light snow
355,Sao Luis De Montes Belos,BR,-16.525,-50.3722,71.37,91,100,2.21,light rain
356,Havre-Saint-Pierre,CA,50.2334,-63.5986,21.2,93,90,3.44,mist
357,Vila Franca Do Campo,PT,37.7167,-25.4333,61.0,94,75,14.97,broken clouds
358,Constitucion,CL,-35.3333,-72.4167,55.47,71,0,13.87,clear sky
359,Haukipudas,FI,65.1765,25.3523,-11.2,77,90,3.44,light snow
360,Matay,EG,28.419,30.7792,44.87,82,0,1.72,clear sky
361,Ust-Maya,RU,60.4167,134.5333,-42.99,78,74,1.52,broken clouds
362,Elko,US,41.0002,-115.5012,35.6,64,1,2.89,clear sky
363,Jacmel,HT,18.2342,-72.5347,78.8,83,100,4.61,overcast clouds
364,Mwinilunga,ZM,-11.7358,24.4293,62.44,97,100,7.43,moderate rain
365,Raudeberg,NO,61.9875,5.1352,33.01,82,43,6.64,scattered clouds
366,Rodrigues Alves,BR,-7.738,-72.6509,73.53,97,100,1.97,overcast clouds
367,Los Llanos De Aridane,ES,28.6585,-17.9182,62.6,63,75,8.05,broken clouds
368,Boromo,BF,11.75,-2.9333,69.51,20,0,6.53,clear sky
369,Carauari,BR,-4.8828,-66.8958,73.38,94,100,1.32,overcast clouds
370,Shache,CN,38.4167,77.2406,20.08,79,0,3.78,clear sky
371,Kindu,CD,-2.95,25.95,67.32,97,100,1.79,overcast clouds
372,Divo,CI,5.8397,-5.36,73.51,91,0,3.98,clear sky
373,Tarakan,ID,3.3,117.6333,78.8,94,75,5.75,light rain
374,Tallahassee,US,30.4383,-84.2807,48.2,87,1,5.26,clear sky
375,Sur,OM,22.5667,59.5289,63.86,67,0,1.86,clear sky
376,Abhar,IR,36.1468,49.218,34.65,77,69,5.39,broken clouds
377,Ponferrada,ES,42.5466,-6.5962,33.01,99,88,1.01,overcast clouds
378,Maragogi,BR,-9.0122,-35.2225,77.52,81,0,8.95,clear sky
379,Te Anau,NZ,-45.4167,167.7167,76.57,35,0,4.12,clear sky
380,Gat,IL,31.61,34.7642,54.0,100,4,3.0,light rain
381,Ilmenau,DE,50.6833,10.9,26.01,92,80,3.33,broken clouds
382,Makakilo City,US,21.3469,-158.0858,80.6,57,1,8.05,clear sky
383,Cap Malheureux,MU,-19.9842,57.6142,77.0,85,0,9.64,clear sky
384,Santa Rosa,PH,14.3122,121.1114,82.99,69,75,3.44,broken clouds
385,Rassvet,RU,46.8333,40.75,28.74,98,100,11.95,snow
386,Marawi,PH,7.9986,124.2928,81.0,83,11,5.99,few clouds
387,Kavaratti,IN,10.5669,72.642,82.33,74,67,9.17,light rain
388,Laukaa,RU,58.7372,29.8453,1.87,92,100,6.44,overcast clouds
389,Flinders,AU,-34.5833,150.8552,81.0,66,13,4.0,few clouds
390,Hudson Bay,CA,52.85,-102.3842,18.86,94,100,9.51,overcast clouds
391,Moryakovskiy Zaton,RU,56.6956,84.6467,-7.6,77,40,15.66,scattered clouds
392,Ikwiriri,TZ,-7.9562,38.9716,71.49,97,2,2.06,clear sky
393,Merauke,ID,-8.4667,140.3333,83.14,78,100,10.42,light rain
394,San Cristobal,VE,7.7669,-72.225,65.39,85,54,0.89,broken clouds
395,Batemans Bay,AU,-35.7167,150.1833,79.0,70,31,3.0,scattered clouds
396,Faanui,PF,-16.4833,-151.75,81.75,74,2,14.2,clear sky
397,Iquitos,PE,-3.7481,-73.2472,75.2,94,75,3.44,moderate rain
398,Sijunjung,ID,-0.6876,100.9537,79.66,76,92,1.07,overcast clouds
399,Nortelandia,BR,-14.4547,-56.8028,75.72,86,100,3.15,light rain
400,Richards Bay,ZA,-28.783,32.0377,75.02,83,78,10.49,broken clouds
401,Lorengau,PG,-2.0226,147.2712,86.32,63,51,10.4,broken clouds
402,Umm Kaddadah,SD,13.6017,26.6876,62.49,32,0,17.47,clear sky
403,Champerico,GT,14.3,-91.9167,69.01,96,100,8.3,overcast clouds
404,Basudebpur,IN,21.1353,86.7386,61.99,38,11,8.99,few clouds
405,Praxedis Guerrero,MX,31.3667,-106.0167,57.2,17,1,8.05,clear sky
406,Kashi,CN,39.4547,75.9797,21.2,68,0,6.71,dust
407,Namibe,AO,-15.1961,12.1522,71.19,73,68,2.71,broken clouds
408,Itupiranga,BR,-5.1347,-49.3267,73.9,93,100,2.91,heavy intensity rain
409,Hovd,MN,48.0056,91.6419,-3.89,72,0,5.95,clear sky
410,Rorvik,NO,64.8621,11.2373,25.68,97,99,10.71,overcast clouds
411,Luganville,VU,-15.5333,167.1667,86.92,72,86,7.02,light rain
412,Lamballe,FR,48.4676,-2.5144,45.0,82,100,1.99,overcast clouds
413,Quatre Cocos,MU,-20.2078,57.7625,77.0,94,75,2.3,broken clouds
414,Mwene-Ditu,CD,-7.0,23.45,64.15,99,100,6.13,light rain
415,Albert Lea,US,43.648,-93.3683,33.8,93,90,8.05,snow
416,Bandarbeyla,SO,9.4942,50.8122,72.82,78,30,14.38,scattered clouds
417,Haines Junction,CA,60.7522,-137.5108,15.8,92,100,3.06,snow
418,Aykhal,RU,66.0,111.5,-27.45,82,100,8.72,overcast clouds
419,Maxixe,MZ,-23.8597,35.3472,78.08,89,24,6.04,light rain
420,Tombouctou,ML,20.0,-3.0,60.26,29,0,14.81,clear sky
421,Kitui,KE,-1.367,38.0106,60.22,89,3,1.05,clear sky
422,Brae,GB,60.3964,-1.353,42.8,75,75,20.71,broken clouds
423,Sinegorye,RU,62.0788,150.477,-23.28,82,97,1.32,overcast clouds
424,Awbari,LY,26.5921,12.7805,46.11,50,55,5.44,broken clouds
425,Khudumelapye,BW,-23.8833,24.75,72.43,56,9,10.76,clear sky
426,Saint Anthony,US,45.0205,-93.218,34.0,86,90,6.91,light snow
427,Nicoya,CR,10.1483,-85.452,78.8,73,0,4.61,clear sky
428,Waipawa,NZ,-41.4122,175.5153,73.99,82,75,10.36,broken clouds
429,Karasjok,NO,69.4719,25.5112,23.0,86,90,4.61,overcast clouds
430,Diego De Almagro,CL,-26.3667,-70.05,57.04,59,0,0.69,clear sky
431,Catamarca,AR,-28.4696,-65.7852,71.01,91,5,20.2,clear sky
432,Kyren,RU,51.6828,102.1408,-5.53,73,17,2.44,few clouds
433,Caravelas,BR,-17.7125,-39.2481,75.36,87,0,4.34,clear sky
434,Nhulunbuy,AU,-12.2333,136.7667,86.0,74,75,8.05,moderate rain
435,Petropavlovsk-Kamchatskiy,RU,53.0452,158.6483,10.4,56,17,2.24,few clouds
436,Vostok,RU,46.4856,135.8833,1.83,84,97,1.43,light snow
437,Susangerd,IR,31.5608,48.1831,51.8,71,75,4.61,haze
438,Madang,PG,-5.2246,145.7966,77.58,90,100,3.87,moderate rain
439,Lakes Entrance,AU,-37.8811,147.981,69.01,52,89,4.0,overcast clouds
440,Iralaya,HN,15.0,-83.2333,76.37,87,99,4.14,light rain
441,Shingu,JP,33.7333,135.9833,59.0,41,20,2.3,few clouds
442,Turukhansk,RU,65.8167,87.9833,-40.88,80,19,4.05,few clouds
443,Cidreira,BR,-30.1811,-50.2056,71.92,77,32,18.52,scattered clouds
444,Camopi,GF,3.1655,-52.3158,71.37,98,79,1.66,broken clouds
445,Pangai,TO,-19.8,-174.35,86.0,84,40,8.05,light rain
446,Borovoy,RU,55.4333,86.0833,-7.6,77,90,6.71,overcast clouds
447,Tabuk,PH,17.4189,121.4443,74.3,81,94,6.69,overcast clouds
448,Pandan,PH,14.0453,124.1694,81.75,79,23,12.24,few clouds
449,Oranjemund,NA,-28.55,16.4333,66.09,82,96,7.27,overcast clouds
450,Sainte-Marie,RE,-20.8968,55.5496,75.2,83,0,9.22,clear sky
451,Zhezkazgan,KZ,47.8043,67.7144,-3.21,88,0,12.48,clear sky
452,Tete,MZ,-16.1564,33.5867,77.0,94,40,3.44,light rain
453,Berlevag,NO,70.8578,29.0864,32.54,95,100,6.67,light snow
454,Hokitika,NZ,-42.7167,170.9667,67.55,76,39,11.72,scattered clouds
455,Akyab,MM,20.15,92.9,64.02,59,67,6.11,broken clouds
456,Egvekinot,RU,66.3167,-179.1667,-9.51,90,85,8.72,overcast clouds
457,Tilichiki,RU,60.4667,166.1,-22.36,86,0,8.14,clear sky
458,Gudalur,IN,9.6833,77.2667,70.36,85,100,4.05,overcast clouds
459,Panchagarh,BD,26.3313,88.562,60.22,41,97,2.01,overcast clouds
460,Eureka,US,40.8021,-124.1637,54.0,90,44,3.24,scattered clouds
461,Primero De Marzo,PY,-25.153,-56.928,84.2,79,0,3.44,clear sky
462,Arica,CL,-18.475,-70.3042,69.8,68,90,3.44,overcast clouds
463,Ust-Kulom,RU,61.6864,53.6902,8.08,95,100,5.82,light snow
464,Ixtapa,MX,20.7,-105.2,68.0,88,1,0.92,clear sky
465,Trat,TH,12.5,102.5,78.8,61,20,5.75,few clouds
466,Cleveland,US,41.4995,-81.6954,44.6,57,1,12.66,clear sky
467,Mount Isa,AU,-20.7333,139.5,98.6,20,26,12.66,scattered clouds
468,Lompoc,US,34.6391,-120.4579,57.2,82,1,9.22,clear sky
469,Hualmay,PE,-11.0964,-77.6139,70.23,84,100,7.67,overcast clouds
470,Kitgum,UG,3.2783,32.8867,74.84,34,79,3.42,broken clouds
471,Salamanca,ES,40.8333,-6.0,28.0,93,40,4.63,scattered clouds
472,Twentynine Palms,US,34.1356,-116.0542,64.4,19,20,8.05,few clouds
473,Dwarka,IN,22.2394,68.9678,66.52,56,1,10.78,clear sky
474,Amazar,RU,53.858,120.875,-16.96,80,0,1.92,clear sky
475,Nchelenge,ZM,-9.3451,28.734,70.32,88,100,13.91,moderate rain
476,Dunedin,NZ,-45.8742,170.5036,68.04,69,6,9.71,clear sky
477,Oum Hadjer,TD,13.2954,19.6966,64.11,27,0,10.38,clear sky
478,Zyryanka,RU,65.75,150.85,-25.44,86,100,6.87,light snow
479,Mamlyutka,KZ,54.9375,68.5394,-18.4,76,0,11.18,clear sky
480,Nizwa,OM,22.9333,57.5333,50.16,65,4,1.12,clear sky
481,Klaksvik,FO,62.2266,-6.589,35.6,93,20,2.3,light rain
482,Minas,UY,-34.3759,-55.2377,68.0,68,0,9.22,clear sky
483,Charlestown,AU,-32.95,151.6667,86.0,74,14,5.39,few clouds
484,Stratford,US,41.1845,-73.1332,39.99,81,34,5.88,scattered clouds
485,Nizhniy Odes,RU,63.6445,54.856,-1.57,93,100,6.53,light snow
486,Eyl,SO,7.9803,49.8164,71.29,79,0,16.02,clear sky
487,Dongning,CN,44.0622,131.1207,7.99,92,100,3.2,light snow
488,Vanavara,RU,60.34,102.2797,-27.81,81,4,4.03,clear sky
489,Sorland,NO,67.667,12.6934,39.25,71,93,8.63,overcast clouds
490,Saint Andrews,US,34.0454,-81.1293,42.8,75,1,7.14,clear sky
491,Mingguang,CN,32.7802,117.9638,47.59,57,32,12.84,scattered clouds
492,Hambantota,LK,6.1241,81.1185,75.2,100,90,4.61,drizzle
493,Fiumicino,IT,41.7675,12.2291,46.0,100,40,3.44,scattered clouds
494,Sitka,US,57.0531,-135.33,44.6,65,90,29.93,moderate rain
495,Lodja,CD,-3.4833,23.4333,69.17,96,100,1.34,light rain
496,Virginia Beach,US,36.8529,-75.978,43.0,70,1,3.15,clear sky
497,Abancay,PE,-13.6339,-72.8814,57.85,69,100,3.74,overcast clouds
498,Barguzin,RU,53.6167,109.6167,1.08,86,99,5.64,light snow
499,Guerrero Negro,MX,27.9769,-114.0611,65.26,42,0,8.08,clear sky
500,Murdochville,CA,48.9583,-65.5006,28.4,100,65,2.3,broken clouds
501,Harer,ET,9.3094,42.1258,52.56,58,27,1.43,scattered clouds
502,Tessalit,ML,20.1986,1.0114,58.44,29,0,11.63,clear sky
503,Portland,US,45.5234,-122.6762,50.0,50,1,10.36,clear sky
504,Ende,ID,-8.8432,121.6623,81.93,75,100,4.23,heavy intensity rain
505,De Aar,ZA,-30.6497,24.0123,71.73,67,12,2.8,moderate rain
506,Teya,RU,60.3778,92.6267,-3.75,88,100,5.99,overcast clouds
507,Yanam,IN,16.7333,82.2167,73.4,83,31,5.75,mist
508,Bachaquero,VE,9.9694,-71.1494,79.56,73,39,3.06,scattered clouds
509,Vinh,VN,18.6667,105.6667,63.93,79,87,2.75,overcast clouds
510,Abu Dhabi,AE,24.4667,54.3667,59.0,94,0,5.75,haze
511,Coahuayana,MX,18.7333,-103.6833,77.0,47,90,1.52,overcast clouds
512,Barbosa Ferraz,BR,-24.03,-52.0117,70.14,93,42,5.93,scattered clouds
513,Luis Correia,BR,-2.8792,-41.6669,79.12,81,42,13.11,scattered clouds
514,Sidney,AU,-33.8679,151.2073,80.01,61,75,12.66,broken clouds
515,Labrea,BR,-7.2586,-64.7981,71.71,97,100,0.87,light rain
516,Znamenskoye,RU,57.1281,73.8282,-16.46,86,100,4.92,overcast clouds
517,Batagay,RU,67.6333,134.6333,-37.44,78,100,1.43,overcast clouds
518,Kindersley,CA,51.4668,-109.1682,19.4,79,20,12.66,few clouds
519,Nishihara,JP,26.1842,127.7558,71.6,68,75,9.22,broken clouds
520,Sobolevo,RU,54.4299,31.8996,-4.25,91,100,4.99,light snow
521,Soto La Marina,MX,23.7667,-98.2167,64.0,77,21,1.99,few clouds
522,Ola,RU,59.5833,151.2833,-16.17,80,0,6.8,clear sky
523,Charters Towers,AU,-20.1,146.2667,86.45,34,100,12.01,overcast clouds
524,Prince Rupert,CA,54.3161,-130.3201,50.0,76,90,20.71,light rain
525,Jiayuguan,CN,39.8167,98.3,16.0,94,100,3.71,light snow
526,Kununurra,AU,-15.7667,128.7333,93.2,59,71,11.5,broken clouds
527,Erenhot,CN,43.6475,111.9767,-6.74,86,0,4.18,clear sky
528,Tura,IN,25.5198,90.2201,60.73,59,67,2.19,broken clouds
529,Pokhara,NP,28.2333,83.9833,52.56,48,40,2.95,scattered clouds
530,Castra-Nova,RO,44.1167,24.0167,28.99,80,0,9.22,clear sky
531,Were Ilu,ET,10.6,39.4333,51.21,55,47,4.27,scattered clouds
532,Grindavik,IS,63.8424,-22.4338,37.4,87,40,16.11,scattered clouds
533,San Andres,CO,12.5847,-81.7006,80.6,78,40,10.36,scattered clouds
534,Garavuti,TJ,37.5672,68.4469,32.0,100,40,4.47,mist
535,Zhaoqing,CN,23.0512,112.4597,62.01,99,4,1.5,clear sky
536,Belmonte,BR,-15.8631,-38.8828,78.8,78,75,4.61,broken clouds
537,Petropavlovskoye,RU,52.0712,84.107,-18.87,83,0,2.75,clear sky
538,Fredericksburg,US,38.3032,-77.4605,39.0,80,1,3.38,clear sky
539,Leh,IN,34.1667,77.5833,10.33,35,36,2.26,scattered clouds
540,Nalut,LY,30.3333,10.85,42.73,61,0,3.96,clear sky
541,Altayskoye,RU,51.9533,85.3325,-12.96,80,0,2.62,clear sky
542,Mackay,AU,-21.15,149.2,82.4,65,52,14.97,broken clouds
543,Amapa,BR,1.0,-52.0,72.23,95,93,2.86,overcast clouds
544,Manaus,BR,-3.1019,-60.025,77.0,94,40,2.3,light rain
545,Kenora,CA,49.8167,-94.4337,30.2,93,90,3.44,light snow
546,Susanville,US,40.4163,-120.653,39.2,81,1,6.91,clear sky
547,Lata,PT,40.1629,-8.3327,50.0,87,90,3.24,overcast clouds
548,Chiredzi,ZW,-21.05,31.6667,71.1,91,100,4.03,overcast clouds
549,Bang Saphan,TH,11.2126,99.5117,78.8,78,20,2.3,few clouds
550,Along,IN,28.1667,94.7667,56.97,67,61,1.05,broken clouds
551,Barahona,DO,18.2085,-71.1008,74.12,71,62,1.59,broken clouds
552,Taoudenni,ML,22.6783,-3.9836,53.4,39,1,11.5,clear sky
553,Sechura,PE,-5.5569,-80.8222,74.46,70,100,16.28,overcast clouds
554,Semporna,MY,4.4818,118.6112,80.6,89,20,2.3,few clouds
555,Divnogorsk,RU,55.9594,92.3619,1.4,66,100,20.13,snow
556,Kloulklubed,PW,7.0419,134.2556,84.2,79,75,10.36,light rain
557,Sri Aman,MY,1.2376,111.4621,78.8,94,40,2.3,light rain
558,Abu Kamal,SY,34.4506,40.9171,51.98,73,20,5.26,few clouds
559,Tahe,CN,52.3333,124.7333,-12.32,81,0,2.19,clear sky
560,Bilibino,RU,68.0546,166.4372,-21.53,83,100,0.51,overcast clouds
561,Khandyga,RU,62.6667,135.6,-46.52,76,61,1.68,broken clouds
562,Buhovo,BG,42.7667,23.5667,28.4,74,90,9.22,overcast clouds
563,Cockburn Town,TC,21.4612,-71.1419,78.13,77,100,7.36,overcast clouds
564,Nantucket,US,41.2835,-70.0995,42.01,93,90,5.75,mist
565,Ilesha,NG,7.1371,5.2583,71.96,94,0,2.39,clear sky
566,Dom Pedrito,BR,-30.9828,-54.6731,64.8,79,0,9.46,clear sky
567,Sorong,ID,-0.8833,131.25,83.03,75,100,8.99,light rain
568,Half Moon Bay,US,37.4636,-122.4286,62.6,94,1,10.36,clear sky
569,Sarakhs,IR,36.5449,61.1577,53.6,19,0,21.85,clear sky
570,Alice Town,BS,25.7167,-79.3,68.94,81,96,9.04,overcast clouds
571,Pushkino,RU,56.0172,37.8667,1.4,78,90,4.47,light snow
572,Darhan,MN,49.4867,105.9228,-10.7,84,72,5.03,light snow
573,Tuatapere,NZ,-46.1333,167.6833,73.0,63,8,8.01,clear sky
574,Ngama,TD,11.7833,17.1667,65.66,26,0,9.71,clear sky
575,Gao,ML,16.6362,1.637,71.44,20,0,8.68,clear sky
576,Toora-Khem,RU,52.4675,96.11,-9.96,87,100,0.47,overcast clouds
577,Alibag,IN,18.6411,72.8792,73.4,78,20,4.61,mist
578,Bawku,GH,11.0616,-0.2417,67.95,22,0,5.73,clear sky
579,Kazerun,IR,29.6195,51.6541,51.48,40,100,2.93,overcast clouds
580,Ouadda,CF,8.0777,22.4007,66.65,25,87,6.02,overcast clouds
581,Shaunavon,CA,49.6501,-108.4181,21.2,68,0,21.85,clear sky
582,Livenka,RU,50.4491,38.2959,16.93,96,91,3.69,overcast clouds
583,Paso De Los Toros,UY,-32.8167,-56.5167,68.61,67,0,21.25,clear sky
584,Maceio,BR,-9.6658,-35.7353,77.0,88,40,3.44,scattered clouds
585,Aquiraz,BR,-3.9014,-38.3911,80.6,78,20,10.36,few clouds
586,Shar,KZ,49.5886,81.0453,-24.05,83,0,1.79,clear sky
587,Saint-Augustin,CA,51.226,-58.6502,26.44,96,100,3.47,overcast clouds
588,Lebyazhye,RU,55.2689,66.4947,-3.84,85,100,12.91,overcast clouds
589,Bilma,NE,18.6853,12.9164,60.15,33,0,3.53,clear sky
590,Sibu,MY,2.3,111.8167,77.0,88,40,2.3,scattered clouds
591,Artyom,AZ,40.4723,50.333,42.8,93,75,4.61,broken clouds
592,Opuwo,NA,-18.0607,13.84,61.99,74,92,3.24,overcast clouds
593,Shubarshi,KZ,48.5872,57.1869,16.92,92,100,22.1,overcast clouds
594,Adre,TD,13.4667,22.2,60.21,32,40,14.14,scattered clouds
595,Alindao,CF,5.0267,21.2088,69.53,28,81,3.36,broken clouds
596,Diffa,NE,13.3154,12.6113,63.75,35,10,10.36,clear sky
597,Kurchum,KZ,48.5722,83.6542,-21.03,83,0,3.71,clear sky
598,Esna,EG,25.2934,32.554,51.8,62,0,6.8,clear sky
599,Mayumba,GA,-3.432,10.6554,77.47,84,85,7.29,overcast clouds
600,Malpe,IN,13.35,74.7167,77.0,83,75,3.44,broken clouds
601,Anito,PH,12.4497,125.2886,81.7,77,100,7.47,overcast clouds
602,Kihei,US,20.785,-156.4656,84.2,48,40,4.61,scattered clouds
603,Kibala,TD,9.1104,18.3463,68.0,45,0,2.73,clear sky
604,Khasan,RU,42.4308,130.6434,27.7,98,100,13.96,snow
605,Sohag,EG,26.557,31.6948,50.0,62,0,4.61,clear sky
606,Seymchan,RU,62.8833,152.4333,-31.43,82,100,1.7,overcast clouds
607,Jati,PK,24.3539,68.2671,58.42,33,0,8.16,clear sky
608,Lakatoro,VU,-16.0999,167.4164,86.52,71,72,8.43,broken clouds
609,Morondava,MG,-20.2833,44.2833,80.38,86,100,6.44,overcast clouds
610,Tres Pontas,BR,-21.3667,-45.5125,66.24,92,97,6.89,light rain
611,Pryozerne,UA,45.2698,36.3303,34.61,93,100,11.63,light snow
612,Daokou,CN,35.5639,114.5058,39.99,60,100,3.09,overcast clouds
613,Jilib,SO,0.4883,42.7854,71.31,93,5,4.72,clear sky
614,Uyuni,BO,-20.4597,-66.825,57.72,52,91,18.28,light rain
615,Paracuru,BR,-3.41,-39.0306,81.0,74,44,17.0,scattered clouds
616,Turbat,PK,26.0023,63.044,56.91,26,0,10.56,clear sky
617,Leshukonskoye,RU,64.8989,45.7622,-14.31,88,52,4.09,broken clouds
618,Baltay,RU,52.4652,46.6308,13.3,96,100,2.89,overcast clouds
619,Qaqortoq,GL,60.7167,-46.0333,17.6,62,20,9.22,few clouds
620,Cedar Lake,US,41.3648,-87.4411,37.4,100,90,13.8,overcast clouds
621,Sabla,NG,12.7525,4.7077,69.3,22,0,11.12,clear sky
622,Kedrovyy,RU,56.1667,91.8167,1.4,66,100,20.13,snow
623,Newark,US,40.7357,-74.1724,44.6,70,75,5.75,broken clouds
624,Phan Thiet,VN,10.9333,108.1,74.46,70,0,5.3,clear sky
625,Bogorodskoye,RU,56.55,37.8833,-7.64,92,90,5.14,overcast clouds
626,Alofi,NU,-19.0595,-169.9187,87.8,66,40,10.36,scattered clouds
627,Ust-Nera,RU,64.5667,143.2,-23.08,77,100,3.78,overcast clouds
628,Warmbad,NA,-28.45,18.7333,70.23,47,66,14.47,broken clouds
629,Viedma,AR,-40.8135,-62.9967,70.0,74,100,1.99,light rain
630,Roald,NO,62.5833,6.1333,30.2,69,90,11.5,overcast clouds
631,Linkoping,SE,58.4109,15.6216,15.01,85,90,5.75,light snow
632,Sembe,CG,1.6481,14.5806,71.24,85,4,4.72,clear sky
633,Price,US,39.5994,-110.8107,33.8,27,1,14.97,clear sky
634,Pokosnoye,RU,55.5258,101.0536,2.21,91,100,16.11,overcast clouds
635,Prabumulih,ID,-3.45,104.25,75.92,92,98,2.13,light rain
636,Geraldton,AU,-28.7667,114.6,98.6,22,0,23.02,clear sky
637,Lannion,FR,48.75,-3.4167,48.2,76,90,9.22,overcast clouds
638,Gushikawa,JP,26.3544,127.8686,71.6,78,1,12.66,clear sky
639,Calamar,CO,10.2511,-74.9146,78.8,89,40,5.75,scattered clouds
640,Nemencine,LT,54.85,25.4833,15.8,86,90,12.66,light snow
641,Poitiers,FR,46.5833,0.3333,44.6,76,75,14.97,broken clouds
642,Aksarka,RU,66.5606,67.7975,-6.23,85,100,8.3,overcast clouds
643,Bayamo,CU,20.3792,-76.6433,73.4,88,0,4.61,clear sky
644,Aguimes,ES,27.9054,-15.4461,62.6,59,75,23.02,broken clouds
645,Carmen,MX,18.6333,-91.8333,73.4,78,20,9.22,few clouds
646,Ponta Delgada,PT,37.7333,-25.6667,61.0,94,75,14.97,broken clouds
647,Tongzi,CN,28.7829,105.0877,47.86,67,6,1.92,clear sky
648,Bushehr,IR,28.9684,50.8385,51.8,93,100,9.22,mist
649,Elizabeth City,US,36.2946,-76.2511,42.8,81,1,5.75,clear sky
650,Santa Marta,CO,11.2408,-74.199,82.99,68,90,11.99,overcast clouds
651,Cayenne,GF,4.9333,-52.3333,77.0,100,0,2.3,clear sky
652,Darnah,LY,32.767,22.6367,55.63,76,1,15.23,clear sky
653,Baykit,RU,61.67,96.37,-25.2,77,0,3.6,clear sky
654,Hamada,JP,34.8833,132.0833,55.4,58,75,12.66,broken clouds
655,Alizai,PK,33.5383,70.3462,43.02,50,0,1.54,clear sky
656,Waingapu,ID,-9.6567,120.2641,80.62,81,100,2.91,moderate rain
657,Ivybridge,GB,50.3904,-3.9191,45.0,92,100,8.37,overcast clouds
658,Casambalangan,PH,18.3765,122.1274,73.71,82,94,9.84,overcast clouds
659,Jieshi,CN,22.8134,115.8257,61.02,50,0,6.78,clear sky
660,Husavik,IS,66.0449,-17.3389,35.6,75,0,4.61,clear sky
661,Beidao,CN,34.5686,105.8933,34.99,68,74,3.83,broken clouds
662,Lazdijai,LT,54.2333,23.5167,6.94,95,86,8.16,overcast clouds
663,Tiverton,GB,50.9,-3.4833,41.0,87,40,3.44,scattered clouds
664,Xichang,CN,27.8964,102.2634,50.0,52,79,1.32,broken clouds
665,Kalat,PK,29.0225,66.5916,33.82,62,0,0.56,clear sky
666,Tandil,AR,-37.3217,-59.1332,64.99,71,0,5.01,clear sky
667,Mayo,US,38.8876,-76.5119,41.0,93,1,2.91,mist
668,Cairns,AU,-16.9167,145.7667,90.0,51,99,17.27,overcast clouds
669,Canto Do Buriti,BR,-8.11,-42.9444,72.97,90,69,1.97,light rain
670,Mareeba,AU,-17.0,145.4333,90.0,67,99,7.0,overcast clouds
671,Hoima,UG,1.4356,31.3436,73.2,47,99,1.79,overcast clouds
672,Bwanga,TZ,-3.0308,31.7601,63.27,95,89,4.36,overcast clouds
673,Shiyan,CN,32.6475,110.7781,49.08,44,0,1.99,clear sky
674,Luohe,CN,33.5717,114.0353,46.31,50,100,5.35,overcast clouds
675,Pulandian,CN,39.3953,121.9669,21.2,73,40,17.9,scattered clouds
676,Mazeikiai,LT,56.3167,22.3333,14.97,97,99,2.48,light snow
677,Majalengka,ID,-6.8361,108.2278,81.82,72,96,1.88,overcast clouds
678,Port-Gentil,GA,-0.7193,8.7815,79.03,78,76,2.53,light rain
679,Kang,BW,-23.6752,22.7876,74.62,47,34,7.36,scattered clouds
680,Pochutla,MX,15.7432,-96.4661,75.99,73,75,1.74,broken clouds
681,Kristiansund,NO,63.1115,7.732,26.6,80,90,5.75,overcast clouds
682,Mabay,PH,6.0577,124.4666,84.2,70,75,3.44,broken clouds
683,Marsh Harbour,BS,26.5412,-77.0636,70.56,76,91,8.77,overcast clouds
684,Gaoual,GN,11.75,-13.2,65.68,37,58,2.59,broken clouds
